frame_id,class_name,count,total_objects
frame_0,coke_z_big,4,57
frame_0,coke_med,5,57
frame_0,anw_med,5,57
frame_0,coke_v_big,5,57
frame_0,coke_small,5,57
frame_0,pepsi_med,5,57
frame_0,coke_v_med,3,57
frame_0,dew_med,7,57
frame_0,sprite_small,4,57
frame_0,fanta_grape_big,2,57
frame_0,pepsi_big,3,57
frame_0,a&w_small,7,57
frame_0,kick_med,2,57
frame_1,coke_z_big,4,57
frame_1,coke_med,5,57
frame_1,anw_med,5,57
frame_1,coke_v_big,5,57
frame_1,coke_small,5,57
frame_1,pepsi_med,5,57
frame_1,coke_v_med,3,57
frame_1,dew_med,7,57
frame_1,sprite_small,4,57
frame_1,fanta_grape_big,2,57
frame_1,pepsi_big,3,57
frame_1,a&w_small,7,57
frame_1,kick_med,2,57
frame_2,coke_z_big,4,57
frame_2,coke_med,5,57
frame_2,anw_med,5,57
frame_2,coke_v_big,5,57
frame_2,coke_small,5,57
frame_2,pepsi_med,5,57
frame_2,coke_v_med,3,57
frame_2,dew_med,7,57
frame_2,sprite_small,4,57
frame_2,fanta_grape_big,2,57
frame_2,pepsi_big,3,57
frame_2,a&w_small,7,57
frame_2,kick_med,2,57
frame_3,coke_z_big,4,56
frame_3,coke_med,5,56
frame_3,anw_med,5,56
frame_3,coke_v_big,5,56
frame_3,coke_small,5,56
frame_3,pepsi_med,5,56
frame_3,coke_v_med,3,56
frame_3,dew_med,7,56
frame_3,sprite_small,4,56
frame_3,fanta_grape_big,1,56
frame_3,pepsi_big,3,56
frame_3,a&w_small,7,56
frame_3,kick_med,2,56
frame_4,coke_z_big,4,56
frame_4,coke_med,5,56
frame_4,anw_med,5,56
frame_4,coke_v_big,5,56
frame_4,coke_small,5,56
frame_4,pepsi_med,5,56
frame_4,coke_v_med,3,56
frame_4,dew_med,7,56
frame_4,sprite_small,4,56
frame_4,fanta_grape_big,1,56
frame_4,pepsi_big,3,56
frame_4,a&w_small,7,56
frame_4,kick_med,2,56
frame_5,coke_z_big,4,56
frame_5,coke_med,5,56
frame_5,anw_med,5,56
frame_5,coke_v_big,5,56
frame_5,coke_small,5,56
frame_5,pepsi_med,5,56
frame_5,coke_v_med,3,56
frame_5,dew_med,7,56
frame_5,sprite_small,4,56
frame_5,fanta_grape_big,1,56
frame_5,pepsi_big,3,56
frame_5,a&w_small,7,56
frame_5,kick_med,2,56
frame_6,coke_z_big,4,56
frame_6,coke_med,5,56
frame_6,anw_med,5,56
frame_6,coke_v_big,5,56
frame_6,coke_small,5,56
frame_6,pepsi_med,5,56
frame_6,coke_v_med,3,56
frame_6,dew_med,7,56
frame_6,sprite_small,4,56
frame_6,fanta_grape_big,1,56
frame_6,pepsi_big,3,56
frame_6,a&w_small,7,56
frame_6,kick_med,2,56
frame_7,coke_z_big,4,56
frame_7,coke_med,5,56
frame_7,anw_med,5,56
frame_7,coke_v_big,5,56
frame_7,coke_small,5,56
frame_7,pepsi_med,5,56
frame_7,coke_v_med,3,56
frame_7,dew_med,7,56
frame_7,sprite_small,4,56
frame_7,fanta_grape_big,1,56
frame_7,pepsi_big,3,56
frame_7,a&w_small,7,56
frame_7,kick_med,2,56
frame_8,coke_z_big,4,57
frame_8,coke_med,5,57
frame_8,anw_med,5,57
frame_8,coke_v_big,5,57
frame_8,coke_small,5,57
frame_8,pepsi_med,5,57
frame_8,coke_v_med,3,57
frame_8,dew_med,7,57
frame_8,sprite_small,4,57
frame_8,fanta_grape_big,2,57
frame_8,pepsi_big,3,57
frame_8,a&w_small,7,57
frame_8,kick_med,2,57
frame_9,coke_z_big,4,56
frame_9,coke_med,5,56
frame_9,anw_med,5,56
frame_9,coke_v_big,5,56
frame_9,coke_small,5,56
frame_9,pepsi_med,5,56
frame_9,coke_v_med,3,56
frame_9,dew_med,6,56
frame_9,sprite_small,4,56
frame_9,fanta_grape_big,2,56
frame_9,pepsi_big,3,56
frame_9,a&w_small,7,56
frame_9,kick_med,2,56
frame_10,coke_z_big,4,57
frame_10,coke_med,5,57
frame_10,anw_med,5,57
frame_10,coke_v_big,5,57
frame_10,coke_small,5,57
frame_10,pepsi_med,5,57
frame_10,coke_v_med,3,57
frame_10,dew_med,7,57
frame_10,sprite_small,4,57
frame_10,fanta_grape_big,2,57
frame_10,pepsi_big,3,57
frame_10,a&w_small,7,57
frame_10,kick_med,2,57
frame_11,coke_z_big,4,56
frame_11,coke_med,5,56
frame_11,anw_med,5,56
frame_11,coke_v_big,5,56
frame_11,coke_small,5,56
frame_11,pepsi_med,5,56
frame_11,coke_v_med,3,56
frame_11,dew_med,6,56
frame_11,sprite_small,4,56
frame_11,fanta_grape_big,2,56
frame_11,pepsi_big,3,56
frame_11,a&w_small,7,56
frame_11,kick_med,2,56
frame_12,coke_z_big,4,59
frame_12,coke_med,5,59
frame_12,anw_med,5,59
frame_12,coke_v_big,5,59
frame_12,coke_small,5,59
frame_12,pepsi_med,5,59
frame_12,coke_v_med,3,59
frame_12,dew_med,7,59
frame_12,sprite_small,4,59
frame_12,fanta_grape_big,2,59
frame_12,pepsi_big,3,59
frame_12,a&w_small,7,59
frame_12,kick_med,3,59
frame_12,7up_med,1,59
frame_13,coke_z_big,4,58
frame_13,coke_med,5,58
frame_13,anw_med,5,58
frame_13,coke_v_big,5,58
frame_13,coke_small,5,58
frame_13,pepsi_med,5,58
frame_13,coke_v_med,3,58
frame_13,dew_med,7,58
frame_13,sprite_small,4,58
frame_13,fanta_grape_big,2,58
frame_13,pepsi_big,3,58
frame_13,a&w_small,7,58
frame_13,kick_med,3,58
frame_14,coke_z_big,4,57
frame_14,coke_med,5,57
frame_14,anw_med,5,57
frame_14,coke_v_big,5,57
frame_14,coke_small,5,57
frame_14,pepsi_med,5,57
frame_14,coke_v_med,3,57
frame_14,dew_med,6,57
frame_14,sprite_small,4,57
frame_14,fanta_grape_big,2,57
frame_14,pepsi_big,3,57
frame_14,a&w_small,7,57
frame_14,kick_med,3,57
frame_15,coke_z_big,4,58
frame_15,coke_med,5,58
frame_15,anw_med,5,58
frame_15,coke_v_big,5,58
frame_15,coke_small,5,58
frame_15,pepsi_med,5,58
frame_15,coke_v_med,3,58
frame_15,dew_med,7,58
frame_15,sprite_small,4,58
frame_15,fanta_grape_big,2,58
frame_15,pepsi_big,3,58
frame_15,a&w_small,7,58
frame_15,kick_med,3,58
frame_16,coke_z_big,4,58
frame_16,coke_med,5,58
frame_16,anw_med,5,58
frame_16,coke_v_big,5,58
frame_16,coke_small,5,58
frame_16,pepsi_med,5,58
frame_16,coke_v_med,3,58
frame_16,dew_med,7,58
frame_16,sprite_small,4,58
frame_16,fanta_grape_big,2,58
frame_16,pepsi_big,3,58
frame_16,a&w_small,7,58
frame_16,kick_med,3,58
frame_17,coke_z_big,4,58
frame_17,coke_med,5,58
frame_17,anw_med,5,58
frame_17,coke_v_big,5,58
frame_17,coke_small,5,58
frame_17,pepsi_med,5,58
frame_17,coke_v_med,3,58
frame_17,dew_med,7,58
frame_17,sprite_small,4,58
frame_17,fanta_grape_big,2,58
frame_17,pepsi_big,3,58
frame_17,a&w_small,7,58
frame_17,kick_med,3,58
frame_18,coke_z_big,4,59
frame_18,coke_med,5,59
frame_18,anw_med,5,59
frame_18,coke_v_big,5,59
frame_18,coke_small,5,59
frame_18,pepsi_med,5,59
frame_18,coke_v_med,3,59
frame_18,dew_med,7,59
frame_18,sprite_small,4,59
frame_18,fanta_grape_big,2,59
frame_18,pepsi_big,3,59
frame_18,a&w_small,7,59
frame_18,kick_med,3,59
frame_18,fanta_straw_big,1,59
frame_19,coke_z_big,4,59
frame_19,coke_med,5,59
frame_19,anw_med,5,59
frame_19,coke_v_big,5,59
frame_19,coke_small,5,59
frame_19,pepsi_med,5,59
frame_19,coke_v_med,3,59
frame_19,dew_med,7,59
frame_19,sprite_small,4,59
frame_19,fanta_grape_big,2,59
frame_19,pepsi_big,3,59
frame_19,a&w_small,7,59
frame_19,kick_med,3,59
frame_19,fanta_straw_big,1,59
frame_20,coke_z_big,4,58
frame_20,coke_med,5,58
frame_20,anw_med,5,58
frame_20,coke_v_big,5,58
frame_20,coke_small,5,58
frame_20,pepsi_med,5,58
frame_20,coke_v_med,3,58
frame_20,dew_med,7,58
frame_20,sprite_small,4,58
frame_20,fanta_grape_big,2,58
frame_20,pepsi_big,3,58
frame_20,a&w_small,7,58
frame_20,kick_med,3,58
frame_21,coke_z_big,4,58
frame_21,coke_med,5,58
frame_21,anw_med,5,58
frame_21,coke_v_big,5,58
frame_21,coke_small,5,58
frame_21,pepsi_med,5,58
frame_21,coke_v_med,3,58
frame_21,dew_med,7,58
frame_21,sprite_small,4,58
frame_21,fanta_grape_big,2,58
frame_21,pepsi_big,3,58
frame_21,a&w_small,7,58
frame_21,kick_med,3,58
frame_22,coke_z_big,4,59
frame_22,coke_med,5,59
frame_22,anw_med,5,59
frame_22,coke_v_big,5,59
frame_22,coke_small,5,59
frame_22,pepsi_med,5,59
frame_22,coke_v_med,3,59
frame_22,dew_med,7,59
frame_22,sprite_small,4,59
frame_22,fanta_grape_big,2,59
frame_22,pepsi_big,3,59
frame_22,a&w_small,7,59
frame_22,kick_med,3,59
frame_22,7up_med,1,59
frame_23,coke_z_big,4,59
frame_23,coke_med,5,59
frame_23,anw_med,5,59
frame_23,coke_v_big,5,59
frame_23,coke_small,5,59
frame_23,pepsi_med,5,59
frame_23,coke_v_med,3,59
frame_23,dew_med,8,59
frame_23,sprite_small,4,59
frame_23,fanta_grape_big,2,59
frame_23,pepsi_big,3,59
frame_23,a&w_small,7,59
frame_23,kick_med,3,59
frame_24,coke_z_big,4,58
frame_24,coke_med,5,58
frame_24,anw_med,5,58
frame_24,coke_v_big,5,58
frame_24,coke_small,5,58
frame_24,pepsi_med,5,58
frame_24,coke_v_med,3,58
frame_24,dew_med,7,58
frame_24,sprite_small,4,58
frame_24,fanta_grape_big,1,58
frame_24,pepsi_big,3,58
frame_24,a&w_small,7,58
frame_24,kick_med,4,58
frame_25,coke_z_big,4,57
frame_25,coke_med,5,57
frame_25,anw_med,5,57
frame_25,coke_v_big,5,57
frame_25,coke_small,5,57
frame_25,pepsi_med,5,57
frame_25,coke_v_med,3,57
frame_25,dew_med,6,57
frame_25,sprite_small,4,57
frame_25,fanta_grape_big,2,57
frame_25,pepsi_big,2,57
frame_25,a&w_small,7,57
frame_25,kick_med,4,57
frame_26,coke_z_big,4,59
frame_26,coke_med,5,59
frame_26,anw_med,5,59
frame_26,coke_v_big,5,59
frame_26,coke_small,5,59
frame_26,pepsi_med,5,59
frame_26,coke_v_med,3,59
frame_26,dew_med,7,59
frame_26,sprite_small,4,59
frame_26,fanta_grape_big,2,59
frame_26,pepsi_big,3,59
frame_26,a&w_small,7,59
frame_26,kick_med,4,59
frame_27,coke_z_big,4,60
frame_27,coke_med,5,60
frame_27,anw_med,5,60
frame_27,coke_v_big,5,60
frame_27,coke_small,5,60
frame_27,pepsi_med,5,60
frame_27,coke_v_med,3,60
frame_27,dew_med,8,60
frame_27,sprite_small,4,60
frame_27,fanta_grape_big,2,60
frame_27,pepsi_big,3,60
frame_27,a&w_small,7,60
frame_27,kick_med,4,60
frame_28,coke_z_big,4,61
frame_28,coke_med,5,61
frame_28,anw_med,5,61
frame_28,coke_v_big,5,61
frame_28,coke_small,5,61
frame_28,pepsi_med,5,61
frame_28,coke_v_med,3,61
frame_28,dew_med,8,61
frame_28,sprite_small,4,61
frame_28,fanta_grape_big,2,61
frame_28,pepsi_big,3,61
frame_28,a&w_small,7,61
frame_28,kick_med,4,61
frame_28,fanta_straw_big,1,61
frame_29,coke_z_big,4,59
frame_29,coke_med,5,59
frame_29,anw_med,5,59
frame_29,coke_v_big,5,59
frame_29,coke_small,5,59
frame_29,pepsi_med,5,59
frame_29,coke_v_med,3,59
frame_29,dew_med,6,59
frame_29,sprite_small,4,59
frame_29,fanta_grape_big,2,59
frame_29,pepsi_big,3,59
frame_29,a&w_small,7,59
frame_29,kick_med,4,59
frame_29,fanta_straw_big,1,59
frame_30,coke_z_big,4,59
frame_30,coke_med,5,59
frame_30,anw_med,5,59
frame_30,coke_v_big,5,59
frame_30,coke_small,5,59
frame_30,pepsi_med,5,59
frame_30,coke_v_med,3,59
frame_30,dew_med,7,59
frame_30,sprite_small,4,59
frame_30,fanta_grape_big,2,59
frame_30,pepsi_big,2,59
frame_30,a&w_small,7,59
frame_30,kick_med,4,59
frame_30,fanta_straw_big,1,59
frame_31,coke_z_big,4,60
frame_31,coke_med,5,60
frame_31,anw_med,5,60
frame_31,coke_v_big,5,60
frame_31,coke_small,5,60
frame_31,pepsi_med,5,60
frame_31,coke_v_med,3,60
frame_31,dew_med,6,60
frame_31,sprite_small,4,60
frame_31,fanta_grape_big,3,60
frame_31,pepsi_big,3,60
frame_31,a&w_small,7,60
frame_31,kick_med,4,60
frame_31,fanta_straw_big,1,60
frame_32,coke_z_big,4,61
frame_32,coke_med,5,61
frame_32,anw_med,5,61
frame_32,coke_v_big,5,61
frame_32,coke_small,5,61
frame_32,pepsi_med,5,61
frame_32,coke_v_med,3,61
frame_32,dew_med,7,61
frame_32,sprite_small,4,61
frame_32,fanta_grape_big,3,61
frame_32,pepsi_big,3,61
frame_32,a&w_small,7,61
frame_32,kick_med,4,61
frame_32,fanta_straw_big,1,61
frame_33,coke_z_big,4,61
frame_33,coke_med,5,61
frame_33,anw_med,5,61
frame_33,coke_v_big,5,61
frame_33,coke_small,5,61
frame_33,pepsi_med,5,61
frame_33,coke_v_med,3,61
frame_33,dew_med,8,61
frame_33,sprite_small,4,61
frame_33,fanta_grape_big,3,61
frame_33,pepsi_big,3,61
frame_33,a&w_small,7,61
frame_33,kick_med,3,61
frame_33,fanta_straw_big,1,61
frame_34,coke_z_big,4,61
frame_34,coke_med,5,61
frame_34,anw_med,5,61
frame_34,coke_v_big,5,61
frame_34,coke_small,5,61
frame_34,pepsi_med,5,61
frame_34,coke_v_med,3,61
frame_34,dew_med,8,61
frame_34,sprite_small,4,61
frame_34,fanta_grape_big,2,61
frame_34,pepsi_big,3,61
frame_34,a&w_small,7,61
frame_34,kick_med,4,61
frame_34,fanta_straw_big,1,61
frame_35,coke_z_big,4,60
frame_35,coke_med,5,60
frame_35,anw_med,5,60
frame_35,coke_v_big,5,60
frame_35,coke_small,5,60
frame_35,pepsi_med,5,60
frame_35,coke_v_med,3,60
frame_35,dew_med,7,60
frame_35,sprite_small,4,60
frame_35,fanta_grape_big,2,60
frame_35,pepsi_big,3,60
frame_35,a&w_small,7,60
frame_35,kick_med,4,60
frame_35,fanta_straw_big,1,60
frame_36,coke_z_big,4,58
frame_36,coke_med,5,58
frame_36,anw_med,5,58
frame_36,coke_v_big,5,58
frame_36,coke_small,5,58
frame_36,pepsi_med,5,58
frame_36,coke_v_med,3,58
frame_36,dew_med,6,58
frame_36,sprite_small,4,58
frame_36,fanta_grape_big,2,58
frame_36,pepsi_big,3,58
frame_36,a&w_small,7,58
frame_36,kick_med,3,58
frame_36,fanta_straw_big,1,58
frame_37,coke_z_big,4,60
frame_37,coke_med,5,60
frame_37,anw_med,5,60
frame_37,coke_v_big,5,60
frame_37,coke_small,5,60
frame_37,pepsi_med,5,60
frame_37,coke_v_med,3,60
frame_37,dew_med,8,60
frame_37,sprite_small,4,60
frame_37,fanta_grape_big,2,60
frame_37,pepsi_big,3,60
frame_37,a&w_small,7,60
frame_37,kick_med,3,60
frame_37,fanta_straw_big,1,60
frame_38,coke_z_big,4,60
frame_38,coke_med,5,60
frame_38,anw_med,5,60
frame_38,coke_v_big,5,60
frame_38,coke_small,5,60
frame_38,pepsi_med,5,60
frame_38,coke_v_med,3,60
frame_38,dew_med,8,60
frame_38,sprite_small,4,60
frame_38,fanta_grape_big,2,60
frame_38,pepsi_big,3,60
frame_38,a&w_small,7,60
frame_38,kick_med,3,60
frame_38,fanta_straw_big,1,60
frame_39,coke_z_big,4,61
frame_39,coke_med,5,61
frame_39,anw_med,5,61
frame_39,coke_v_big,5,61
frame_39,coke_small,5,61
frame_39,pepsi_med,5,61
frame_39,coke_v_med,3,61
frame_39,dew_med,7,61
frame_39,sprite_small,4,61
frame_39,fanta_grape_big,3,61
frame_39,pepsi_big,3,61
frame_39,a&w_small,7,61
frame_39,kick_med,3,61
frame_39,fanta_straw_big,1,61
frame_39,empty,1,61
frame_40,coke_z_big,4,62
frame_40,coke_med,5,62
frame_40,anw_med,5,62
frame_40,coke_v_big,5,62
frame_40,coke_small,5,62
frame_40,pepsi_med,5,62
frame_40,coke_v_med,3,62
frame_40,dew_med,8,62
frame_40,sprite_small,4,62
frame_40,fanta_grape_big,3,62
frame_40,pepsi_big,3,62
frame_40,a&w_small,7,62
frame_40,kick_med,4,62
frame_40,fanta_straw_big,1,62
frame_41,coke_z_big,4,62
frame_41,coke_med,5,62
frame_41,anw_med,5,62
frame_41,coke_v_big,5,62
frame_41,coke_small,5,62
frame_41,pepsi_med,5,62
frame_41,coke_v_med,3,62
frame_41,dew_med,8,62
frame_41,sprite_small,4,62
frame_41,fanta_grape_big,3,62
frame_41,pepsi_big,3,62
frame_41,a&w_small,7,62
frame_41,kick_med,4,62
frame_41,fanta_straw_big,1,62
frame_42,coke_z_big,4,60
frame_42,coke_med,5,60
frame_42,anw_med,5,60
frame_42,coke_v_big,5,60
frame_42,coke_small,5,60
frame_42,pepsi_med,5,60
frame_42,coke_v_med,3,60
frame_42,dew_med,7,60
frame_42,sprite_small,4,60
frame_42,fanta_grape_big,3,60
frame_42,pepsi_big,3,60
frame_42,a&w_small,7,60
frame_42,kick_med,3,60
frame_42,fanta_straw_big,1,60
frame_43,coke_z_big,4,61
frame_43,coke_med,5,61
frame_43,anw_med,5,61
frame_43,coke_v_big,5,61
frame_43,coke_small,5,61
frame_43,pepsi_med,5,61
frame_43,coke_v_med,3,61
frame_43,dew_med,8,61
frame_43,sprite_small,4,61
frame_43,fanta_grape_big,3,61
frame_43,pepsi_big,3,61
frame_43,a&w_small,7,61
frame_43,kick_med,3,61
frame_43,fanta_straw_big,1,61
frame_44,coke_z_big,4,61
frame_44,coke_med,5,61
frame_44,anw_med,5,61
frame_44,coke_v_big,5,61
frame_44,coke_small,5,61
frame_44,pepsi_med,5,61
frame_44,coke_v_med,3,61
frame_44,dew_med,8,61
frame_44,sprite_small,4,61
frame_44,fanta_grape_big,3,61
frame_44,pepsi_big,3,61
frame_44,a&w_small,7,61
frame_44,kick_med,3,61
frame_44,fanta_straw_big,1,61
frame_45,coke_z_big,4,60
frame_45,coke_med,5,60
frame_45,anw_med,5,60
frame_45,coke_v_big,5,60
frame_45,coke_small,5,60
frame_45,pepsi_med,5,60
frame_45,coke_v_med,3,60
frame_45,dew_med,7,60
frame_45,sprite_small,4,60
frame_45,fanta_grape_big,3,60
frame_45,pepsi_big,3,60
frame_45,a&w_small,7,60
frame_45,kick_med,3,60
frame_45,fanta_straw_big,1,60
frame_46,coke_z_big,4,60
frame_46,coke_med,5,60
frame_46,anw_med,5,60
frame_46,coke_v_big,5,60
frame_46,coke_small,5,60
frame_46,pepsi_med,5,60
frame_46,coke_v_med,3,60
frame_46,dew_med,7,60
frame_46,sprite_small,4,60
frame_46,fanta_grape_big,3,60
frame_46,pepsi_big,3,60
frame_46,a&w_small,7,60
frame_46,kick_med,3,60
frame_46,fanta_straw_big,1,60
frame_47,coke_z_big,4,60
frame_47,coke_med,5,60
frame_47,anw_med,5,60
frame_47,coke_v_big,5,60
frame_47,coke_small,5,60
frame_47,pepsi_med,5,60
frame_47,coke_v_med,3,60
frame_47,dew_med,7,60
frame_47,sprite_small,4,60
frame_47,fanta_grape_big,3,60
frame_47,pepsi_big,3,60
frame_47,a&w_small,7,60
frame_47,kick_med,3,60
frame_47,fanta_straw_big,1,60
frame_48,coke_z_big,4,62
frame_48,coke_med,5,62
frame_48,anw_med,5,62
frame_48,coke_v_big,5,62
frame_48,coke_small,5,62
frame_48,pepsi_med,5,62
frame_48,coke_v_med,3,62
frame_48,dew_med,8,62
frame_48,sprite_small,4,62
frame_48,fanta_grape_big,3,62
frame_48,pepsi_big,3,62
frame_48,a&w_small,7,62
frame_48,kick_med,4,62
frame_48,fanta_straw_big,1,62
frame_49,coke_z_big,4,61
frame_49,coke_med,5,61
frame_49,anw_med,5,61
frame_49,coke_v_big,5,61
frame_49,coke_small,5,61
frame_49,pepsi_med,5,61
frame_49,coke_v_med,3,61
frame_49,dew_med,8,61
frame_49,sprite_small,4,61
frame_49,fanta_grape_big,2,61
frame_49,pepsi_big,3,61
frame_49,a&w_small,7,61
frame_49,kick_med,4,61
frame_49,fanta_straw_big,1,61
frame_50,coke_z_big,4,63
frame_50,coke_med,5,63
frame_50,anw_med,5,63
frame_50,coke_v_big,5,63
frame_50,coke_small,5,63
frame_50,pepsi_med,5,63
frame_50,coke_v_med,3,63
frame_50,dew_med,9,63
frame_50,sprite_small,4,63
frame_50,fanta_grape_big,2,63
frame_50,pepsi_big,3,63
frame_50,a&w_small,8,63
frame_50,kick_med,4,63
frame_50,fanta_straw_big,1,63
frame_51,coke_z_big,4,62
frame_51,coke_med,5,62
frame_51,anw_med,5,62
frame_51,coke_v_big,5,62
frame_51,coke_small,5,62
frame_51,pepsi_med,5,62
frame_51,coke_v_med,3,62
frame_51,dew_med,9,62
frame_51,sprite_small,4,62
frame_51,fanta_grape_big,2,62
frame_51,pepsi_big,3,62
frame_51,a&w_small,7,62
frame_51,kick_med,4,62
frame_51,fanta_straw_big,1,62
frame_52,coke_z_big,4,63
frame_52,coke_med,5,63
frame_52,anw_med,5,63
frame_52,coke_v_big,5,63
frame_52,coke_small,5,63
frame_52,pepsi_med,5,63
frame_52,coke_v_med,3,63
frame_52,dew_med,9,63
frame_52,sprite_small,4,63
frame_52,fanta_grape_big,3,63
frame_52,pepsi_big,3,63
frame_52,a&w_small,7,63
frame_52,kick_med,4,63
frame_52,fanta_straw_big,1,63
frame_53,coke_z_big,4,60
frame_53,coke_med,5,60
frame_53,anw_med,5,60
frame_53,coke_v_big,5,60
frame_53,coke_small,5,60
frame_53,pepsi_med,5,60
frame_53,coke_v_med,3,60
frame_53,dew_med,8,60
frame_53,sprite_small,4,60
frame_53,fanta_grape_big,2,60
frame_53,pepsi_big,3,60
frame_53,a&w_small,6,60
frame_53,kick_med,4,60
frame_53,fanta_straw_big,1,60
frame_54,coke_z_big,4,62
frame_54,coke_med,5,62
frame_54,anw_med,5,62
frame_54,coke_v_big,5,62
frame_54,coke_small,5,62
frame_54,pepsi_med,5,62
frame_54,coke_v_med,3,62
frame_54,dew_med,9,62
frame_54,sprite_small,4,62
frame_54,fanta_grape_big,3,62
frame_54,pepsi_big,3,62
frame_54,a&w_small,6,62
frame_54,kick_med,4,62
frame_54,fanta_straw_big,1,62
frame_55,coke_z_big,4,60
frame_55,coke_med,5,60
frame_55,anw_med,5,60
frame_55,coke_v_big,5,60
frame_55,coke_small,5,60
frame_55,pepsi_med,5,60
frame_55,coke_v_med,3,60
frame_55,dew_med,7,60
frame_55,sprite_small,4,60
frame_55,fanta_grape_big,2,60
frame_55,pepsi_big,3,60
frame_55,a&w_small,6,60
frame_55,kick_med,4,60
frame_55,7up_med,1,60
frame_55,fanta_straw_big,1,60
frame_56,coke_z_big,4,62
frame_56,coke_med,5,62
frame_56,anw_med,5,62
frame_56,coke_v_big,5,62
frame_56,coke_small,5,62
frame_56,pepsi_med,5,62
frame_56,coke_v_med,3,62
frame_56,dew_med,8,62
frame_56,sprite_small,4,62
frame_56,fanta_grape_big,3,62
frame_56,pepsi_big,3,62
frame_56,a&w_small,6,62
frame_56,kick_med,4,62
frame_56,7up_med,1,62
frame_56,fanta_straw_big,1,62
frame_57,coke_z_big,4,62
frame_57,coke_med,5,62
frame_57,anw_med,5,62
frame_57,coke_v_big,5,62
frame_57,coke_small,5,62
frame_57,pepsi_med,5,62
frame_57,coke_v_med,3,62
frame_57,dew_med,9,62
frame_57,sprite_small,4,62
frame_57,fanta_grape_big,3,62
frame_57,pepsi_big,3,62
frame_57,a&w_small,6,62
frame_57,kick_med,4,62
frame_57,fanta_straw_big,1,62
frame_58,coke_z_big,4,62
frame_58,coke_med,5,62
frame_58,anw_med,5,62
frame_58,coke_v_big,5,62
frame_58,coke_small,5,62
frame_58,pepsi_med,5,62
frame_58,coke_v_med,3,62
frame_58,dew_med,8,62
frame_58,sprite_small,4,62
frame_58,fanta_grape_big,3,62
frame_58,pepsi_big,3,62
frame_58,a&w_small,6,62
frame_58,kick_med,4,62
frame_58,7up_med,1,62
frame_58,fanta_straw_big,1,62
frame_59,coke_z_big,4,61
frame_59,coke_med,4,61
frame_59,anw_med,5,61
frame_59,coke_v_big,5,61
frame_59,coke_small,5,61
frame_59,pepsi_med,5,61
frame_59,coke_v_med,3,61
frame_59,dew_med,8,61
frame_59,sprite_small,4,61
frame_59,fanta_grape_big,3,61
frame_59,pepsi_big,3,61
frame_59,a&w_small,6,61
frame_59,kick_med,4,61
frame_59,7up_med,1,61
frame_59,fanta_straw_big,1,61
frame_60,coke_z_big,4,59
frame_60,coke_med,4,59
frame_60,anw_med,5,59
frame_60,coke_v_big,5,59
frame_60,coke_small,5,59
frame_60,pepsi_med,5,59
frame_60,coke_v_med,3,59
frame_60,dew_med,6,59
frame_60,sprite_small,4,59
frame_60,fanta_grape_big,3,59
frame_60,pepsi_big,3,59
frame_60,a&w_small,6,59
frame_60,kick_med,4,59
frame_60,7up_med,1,59
frame_60,fanta_straw_big,1,59
frame_61,coke_z_big,4,60
frame_61,coke_med,4,60
frame_61,anw_med,5,60
frame_61,coke_v_big,5,60
frame_61,coke_small,5,60
frame_61,pepsi_med,5,60
frame_61,coke_v_med,3,60
frame_61,dew_med,7,60
frame_61,sprite_small,4,60
frame_61,fanta_grape_big,3,60
frame_61,pepsi_big,3,60
frame_61,a&w_small,6,60
frame_61,kick_med,4,60
frame_61,7up_med,1,60
frame_61,fanta_straw_big,1,60
frame_62,coke_z_big,4,60
frame_62,coke_med,4,60
frame_62,anw_med,5,60
frame_62,coke_v_big,5,60
frame_62,coke_small,5,60
frame_62,pepsi_med,5,60
frame_62,coke_v_med,3,60
frame_62,dew_med,7,60
frame_62,sprite_small,4,60
frame_62,fanta_grape_big,2,60
frame_62,pepsi_big,3,60
frame_62,a&w_small,6,60
frame_62,kick_med,4,60
frame_62,7up_med,2,60
frame_62,fanta_straw_big,1,60
frame_63,coke_z_big,4,62
frame_63,coke_med,4,62
frame_63,anw_med,5,62
frame_63,coke_v_big,5,62
frame_63,coke_small,5,62
frame_63,pepsi_med,5,62
frame_63,coke_v_med,3,62
frame_63,dew_med,7,62
frame_63,sprite_small,4,62
frame_63,fanta_grape_big,3,62
frame_63,pepsi_big,3,62
frame_63,a&w_small,6,62
frame_63,kick_med,5,62
frame_63,7up_med,2,62
frame_63,fanta_straw_big,1,62
frame_64,coke_z_big,4,61
frame_64,coke_med,4,61
frame_64,anw_med,5,61
frame_64,coke_v_big,5,61
frame_64,coke_small,5,61
frame_64,pepsi_med,5,61
frame_64,coke_v_med,3,61
frame_64,dew_med,7,61
frame_64,sprite_small,4,61
frame_64,fanta_grape_big,2,61
frame_64,pepsi_big,3,61
frame_64,a&w_small,6,61
frame_64,kick_med,5,61
frame_64,7up_med,2,61
frame_64,fanta_straw_big,1,61
frame_65,coke_z_big,4,62
frame_65,coke_med,4,62
frame_65,anw_med,5,62
frame_65,coke_v_big,5,62
frame_65,coke_small,5,62
frame_65,pepsi_med,5,62
frame_65,coke_v_med,3,62
frame_65,dew_med,7,62
frame_65,sprite_small,4,62
frame_65,fanta_grape_big,3,62
frame_65,pepsi_big,3,62
frame_65,a&w_small,6,62
frame_65,kick_med,5,62
frame_65,7up_med,2,62
frame_65,fanta_straw_big,1,62
frame_66,coke_z_big,4,62
frame_66,coke_med,4,62
frame_66,anw_med,5,62
frame_66,coke_v_big,5,62
frame_66,coke_small,5,62
frame_66,pepsi_med,5,62
frame_66,coke_v_med,3,62
frame_66,dew_med,7,62
frame_66,sprite_small,4,62
frame_66,fanta_grape_big,3,62
frame_66,pepsi_big,3,62
frame_66,a&w_small,6,62
frame_66,kick_med,5,62
frame_66,7up_med,2,62
frame_66,fanta_straw_big,1,62
frame_67,coke_z_big,4,62
frame_67,coke_med,4,62
frame_67,anw_med,5,62
frame_67,coke_v_big,5,62
frame_67,coke_small,5,62
frame_67,pepsi_med,5,62
frame_67,coke_v_med,3,62
frame_67,dew_med,7,62
frame_67,sprite_small,4,62
frame_67,fanta_grape_big,3,62
frame_67,pepsi_big,3,62
frame_67,a&w_small,5,62
frame_67,kick_med,5,62
frame_67,7up_med,3,62
frame_67,fanta_straw_big,1,62
frame_68,coke_z_big,4,64
frame_68,coke_med,4,64
frame_68,anw_med,5,64
frame_68,coke_v_big,5,64
frame_68,coke_small,5,64
frame_68,pepsi_med,5,64
frame_68,coke_v_med,3,64
frame_68,dew_med,7,64
frame_68,sprite_small,4,64
frame_68,fanta_grape_big,3,64
frame_68,pepsi_big,3,64
frame_68,a&w_small,6,64
frame_68,kick_med,5,64
frame_68,7up_med,3,64
frame_68,fanta_straw_big,1,64
frame_68,fanta_lychee_big,1,64
frame_69,coke_z_big,4,64
frame_69,coke_med,4,64
frame_69,anw_med,5,64
frame_69,coke_v_big,5,64
frame_69,coke_small,5,64
frame_69,pepsi_med,5,64
frame_69,coke_v_med,3,64
frame_69,dew_med,7,64
frame_69,sprite_small,4,64
frame_69,fanta_grape_big,3,64
frame_69,pepsi_big,3,64
frame_69,a&w_small,6,64
frame_69,kick_med,5,64
frame_69,7up_med,3,64
frame_69,fanta_straw_big,1,64
frame_69,fanta_lychee_big,1,64
frame_70,coke_z_big,4,63
frame_70,coke_med,4,63
frame_70,anw_med,5,63
frame_70,coke_v_big,5,63
frame_70,coke_small,5,63
frame_70,pepsi_med,5,63
frame_70,coke_v_med,3,63
frame_70,dew_med,7,63
frame_70,sprite_small,4,63
frame_70,fanta_grape_big,3,63
frame_70,pepsi_big,3,63
frame_70,a&w_small,5,63
frame_70,kick_med,5,63
frame_70,7up_med,3,63
frame_70,fanta_straw_big,1,63
frame_70,fanta_lychee_big,1,63
frame_71,coke_z_big,4,64
frame_71,coke_med,4,64
frame_71,anw_med,5,64
frame_71,coke_v_big,5,64
frame_71,coke_small,6,64
frame_71,pepsi_med,5,64
frame_71,coke_v_med,3,64
frame_71,dew_med,7,64
frame_71,sprite_small,4,64
frame_71,fanta_grape_big,3,64
frame_71,pepsi_big,3,64
frame_71,a&w_small,4,64
frame_71,kick_med,6,64
frame_71,7up_med,3,64
frame_71,fanta_straw_big,1,64
frame_71,fanta_lychee_big,1,64
frame_72,coke_z_big,4,61
frame_72,coke_med,3,61
frame_72,anw_med,5,61
frame_72,coke_v_big,5,61
frame_72,coke_small,5,61
frame_72,pepsi_med,5,61
frame_72,coke_v_med,3,61
frame_72,dew_med,7,61
frame_72,sprite_small,4,61
frame_72,fanta_grape_big,3,61
frame_72,pepsi_big,3,61
frame_72,a&w_small,4,61
frame_72,kick_med,5,61
frame_72,7up_med,3,61
frame_72,fanta_straw_big,1,61
frame_72,fanta_lychee_big,1,61
frame_73,coke_z_big,4,62
frame_73,coke_med,3,62
frame_73,anw_med,5,62
frame_73,coke_v_big,5,62
frame_73,coke_small,6,62
frame_73,pepsi_med,5,62
frame_73,coke_v_med,3,62
frame_73,dew_med,7,62
frame_73,sprite_small,4,62
frame_73,fanta_grape_big,3,62
frame_73,pepsi_big,3,62
frame_73,a&w_small,4,62
frame_73,kick_med,5,62
frame_73,7up_med,3,62
frame_73,fanta_straw_big,1,62
frame_73,fanta_lychee_big,1,62
frame_74,coke_z_big,4,62
frame_74,coke_med,3,62
frame_74,anw_med,5,62
frame_74,coke_v_big,5,62
frame_74,coke_small,6,62
frame_74,pepsi_med,5,62
frame_74,coke_v_med,3,62
frame_74,dew_med,7,62
frame_74,sprite_small,4,62
frame_74,fanta_grape_big,3,62
frame_74,pepsi_big,3,62
frame_74,a&w_small,4,62
frame_74,kick_med,5,62
frame_74,7up_med,3,62
frame_74,fanta_straw_big,1,62
frame_74,fanta_lychee_big,1,62
frame_75,coke_z_big,4,64
frame_75,coke_med,4,64
frame_75,anw_med,5,64
frame_75,coke_v_big,5,64
frame_75,coke_small,6,64
frame_75,pepsi_med,5,64
frame_75,coke_v_med,3,64
frame_75,dew_med,7,64
frame_75,sprite_small,4,64
frame_75,fanta_grape_big,3,64
frame_75,pepsi_big,3,64
frame_75,a&w_small,5,64
frame_75,kick_med,5,64
frame_75,7up_med,3,64
frame_75,fanta_straw_big,1,64
frame_75,fanta_lychee_big,1,64
frame_76,coke_z_big,4,63
frame_76,coke_med,4,63
frame_76,anw_med,5,63
frame_76,coke_v_big,5,63
frame_76,coke_small,5,63
frame_76,pepsi_med,5,63
frame_76,coke_v_med,3,63
frame_76,dew_med,7,63
frame_76,sprite_small,4,63
frame_76,fanta_grape_big,3,63
frame_76,pepsi_big,3,63
frame_76,a&w_small,5,63
frame_76,kick_med,5,63
frame_76,7up_med,3,63
frame_76,fanta_straw_big,1,63
frame_76,fanta_lychee_big,1,63
frame_77,coke_z_big,4,62
frame_77,coke_med,4,62
frame_77,anw_med,5,62
frame_77,coke_v_big,5,62
frame_77,coke_small,5,62
frame_77,pepsi_med,5,62
frame_77,coke_v_med,3,62
frame_77,dew_med,6,62
frame_77,sprite_small,4,62
frame_77,fanta_grape_big,3,62
frame_77,pepsi_big,3,62
frame_77,a&w_small,4,62
frame_77,kick_med,5,62
frame_77,7up_med,4,62
frame_77,fanta_straw_big,1,62
frame_77,fanta_lychee_big,1,62
frame_78,coke_z_big,4,63
frame_78,coke_med,4,63
frame_78,anw_med,5,63
frame_78,coke_v_big,5,63
frame_78,coke_small,5,63
frame_78,pepsi_med,5,63
frame_78,coke_v_med,3,63
frame_78,dew_med,6,63
frame_78,sprite_small,4,63
frame_78,fanta_grape_big,3,63
frame_78,pepsi_big,3,63
frame_78,a&w_small,5,63
frame_78,kick_med,5,63
frame_78,7up_med,4,63
frame_78,fanta_straw_big,1,63
frame_78,fanta_lychee_big,1,63
frame_79,coke_z_big,4,62
frame_79,coke_med,4,62
frame_79,anw_med,5,62
frame_79,coke_v_big,5,62
frame_79,coke_small,5,62
frame_79,pepsi_med,5,62
frame_79,coke_v_med,3,62
frame_79,dew_med,6,62
frame_79,sprite_small,4,62
frame_79,fanta_grape_big,3,62
frame_79,pepsi_big,3,62
frame_79,a&w_small,5,62
frame_79,kick_med,5,62
frame_79,7up_med,3,62
frame_79,fanta_straw_big,1,62
frame_79,fanta_lychee_big,1,62
frame_80,coke_z_big,4,64
frame_80,coke_med,4,64
frame_80,anw_med,5,64
frame_80,coke_v_big,5,64
frame_80,coke_small,5,64
frame_80,pepsi_med,5,64
frame_80,coke_v_med,3,64
frame_80,dew_med,7,64
frame_80,sprite_small,4,64
frame_80,fanta_grape_big,3,64
frame_80,pepsi_big,3,64
frame_80,a&w_small,5,64
frame_80,kick_med,5,64
frame_80,7up_med,4,64
frame_80,fanta_straw_big,1,64
frame_80,fanta_lychee_big,1,64
frame_81,coke_z_big,4,62
frame_81,coke_med,4,62
frame_81,anw_med,5,62
frame_81,coke_v_big,5,62
frame_81,coke_small,5,62
frame_81,pepsi_med,5,62
frame_81,coke_v_med,3,62
frame_81,dew_med,6,62
frame_81,sprite_small,4,62
frame_81,fanta_grape_big,3,62
frame_81,pepsi_big,3,62
frame_81,a&w_small,4,62
frame_81,kick_med,5,62
frame_81,7up_med,4,62
frame_81,fanta_straw_big,1,62
frame_81,fanta_lychee_big,1,62
frame_82,coke_z_big,4,63
frame_82,coke_med,4,63
frame_82,anw_med,5,63
frame_82,coke_v_big,5,63
frame_82,coke_small,5,63
frame_82,pepsi_med,5,63
frame_82,coke_v_med,3,63
frame_82,dew_med,6,63
frame_82,sprite_small,4,63
frame_82,fanta_grape_big,3,63
frame_82,pepsi_big,3,63
frame_82,a&w_small,5,63
frame_82,kick_med,5,63
frame_82,7up_med,4,63
frame_82,fanta_straw_big,1,63
frame_82,fanta_lychee_big,1,63
frame_83,coke_z_big,4,63
frame_83,coke_med,4,63
frame_83,anw_med,5,63
frame_83,coke_v_big,5,63
frame_83,coke_small,5,63
frame_83,pepsi_med,5,63
frame_83,coke_v_med,3,63
frame_83,dew_med,7,63
frame_83,sprite_small,4,63
frame_83,fanta_grape_big,3,63
frame_83,pepsi_big,3,63
frame_83,a&w_small,5,63
frame_83,kick_med,5,63
frame_83,7up_med,3,63
frame_83,fanta_straw_big,1,63
frame_83,fanta_lychee_big,1,63
frame_84,coke_z_big,4,63
frame_84,coke_med,4,63
frame_84,anw_med,5,63
frame_84,coke_v_big,5,63
frame_84,coke_small,5,63
frame_84,pepsi_med,5,63
frame_84,coke_v_med,3,63
frame_84,dew_med,6,63
frame_84,sprite_small,4,63
frame_84,fanta_grape_big,3,63
frame_84,pepsi_big,3,63
frame_84,a&w_small,5,63
frame_84,kick_med,5,63
frame_84,7up_med,4,63
frame_84,fanta_straw_big,1,63
frame_84,fanta_lychee_big,1,63
frame_85,coke_z_big,4,62
frame_85,coke_med,4,62
frame_85,anw_med,5,62
frame_85,coke_v_big,5,62
frame_85,coke_small,5,62
frame_85,pepsi_med,5,62
frame_85,coke_v_med,3,62
frame_85,dew_med,6,62
frame_85,sprite_small,4,62
frame_85,fanta_grape_big,3,62
frame_85,pepsi_big,3,62
frame_85,a&w_small,5,62
frame_85,kick_med,5,62
frame_85,7up_med,4,62
frame_85,fanta_straw_big,1,62
frame_86,coke_z_big,4,64
frame_86,coke_med,4,64
frame_86,anw_med,5,64
frame_86,coke_v_big,5,64
frame_86,coke_small,6,64
frame_86,pepsi_med,5,64
frame_86,coke_v_med,3,64
frame_86,dew_med,6,64
frame_86,sprite_small,4,64
frame_86,fanta_grape_big,3,64
frame_86,pepsi_big,3,64
frame_86,a&w_small,5,64
frame_86,kick_med,5,64
frame_86,7up_med,5,64
frame_86,fanta_straw_big,1,64
frame_87,coke_z_big,4,62
frame_87,coke_med,4,62
frame_87,anw_med,5,62
frame_87,coke_v_big,5,62
frame_87,coke_small,6,62
frame_87,pepsi_med,5,62
frame_87,coke_v_med,3,62
frame_87,dew_med,6,62
frame_87,sprite_small,4,62
frame_87,fanta_grape_big,3,62
frame_87,pepsi_big,3,62
frame_87,a&w_small,4,62
frame_87,kick_med,5,62
frame_87,7up_med,4,62
frame_87,fanta_straw_big,1,62
frame_88,coke_z_big,4,63
frame_88,coke_med,4,63
frame_88,anw_med,5,63
frame_88,coke_v_big,5,63
frame_88,coke_small,6,63
frame_88,pepsi_med,5,63
frame_88,coke_v_med,3,63
frame_88,dew_med,6,63
frame_88,sprite_small,4,63
frame_88,fanta_grape_big,3,63
frame_88,pepsi_big,3,63
frame_88,a&w_small,4,63
frame_88,kick_med,5,63
frame_88,7up_med,4,63
frame_88,fanta_straw_big,1,63
frame_88,fanta_lychee_big,1,63
frame_89,coke_z_big,4,61
frame_89,coke_med,4,61
frame_89,anw_med,5,61
frame_89,coke_v_big,5,61
frame_89,coke_small,5,61
frame_89,pepsi_med,5,61
frame_89,coke_v_med,3,61
frame_89,dew_med,6,61
frame_89,sprite_small,4,61
frame_89,fanta_grape_big,3,61
frame_89,pepsi_big,3,61
frame_89,a&w_small,4,61
frame_89,kick_med,5,61
frame_89,7up_med,4,61
frame_89,fanta_straw_big,1,61
frame_90,coke_z_big,4,60
frame_90,coke_med,4,60
frame_90,anw_med,5,60
frame_90,coke_v_big,5,60
frame_90,coke_small,5,60
frame_90,pepsi_med,5,60
frame_90,coke_v_med,3,60
frame_90,dew_med,6,60
frame_90,sprite_small,4,60
frame_90,fanta_grape_big,3,60
frame_90,pepsi_big,3,60
frame_90,a&w_small,3,60
frame_90,kick_med,5,60
frame_90,7up_med,4,60
frame_90,fanta_straw_big,1,60
frame_91,coke_z_big,4,61
frame_91,coke_med,4,61
frame_91,anw_med,5,61
frame_91,coke_v_big,5,61
frame_91,coke_small,5,61
frame_91,pepsi_med,5,61
frame_91,coke_v_med,3,61
frame_91,dew_med,6,61
frame_91,sprite_small,4,61
frame_91,fanta_grape_big,3,61
frame_91,pepsi_big,3,61
frame_91,a&w_small,3,61
frame_91,kick_med,5,61
frame_91,7up_med,4,61
frame_91,fanta_straw_big,1,61
frame_91,fanta_lychee_big,1,61
frame_92,coke_z_big,4,61
frame_92,coke_med,3,61
frame_92,anw_med,5,61
frame_92,coke_v_big,5,61
frame_92,coke_small,5,61
frame_92,pepsi_med,5,61
frame_92,coke_v_med,3,61
frame_92,dew_med,6,61
frame_92,sprite_small,4,61
frame_92,fanta_grape_big,3,61
frame_92,pepsi_big,3,61
frame_92,a&w_small,3,61
frame_92,kick_med,5,61
frame_92,7up_med,5,61
frame_92,fanta_straw_big,1,61
frame_92,fanta_lychee_big,1,61
frame_93,coke_z_big,4,60
frame_93,coke_med,3,60
frame_93,anw_med,5,60
frame_93,coke_v_big,5,60
frame_93,coke_small,5,60
frame_93,pepsi_med,5,60
frame_93,coke_v_med,3,60
frame_93,dew_med,6,60
frame_93,sprite_small,4,60
frame_93,fanta_grape_big,3,60
frame_93,pepsi_big,3,60
frame_93,a&w_small,4,60
frame_93,kick_med,5,60
frame_93,7up_med,3,60
frame_93,fanta_straw_big,1,60
frame_93,fanta_lychee_big,1,60
frame_94,coke_z_big,4,60
frame_94,coke_med,3,60
frame_94,anw_med,5,60
frame_94,coke_v_big,5,60
frame_94,coke_small,5,60
frame_94,pepsi_med,5,60
frame_94,coke_v_med,3,60
frame_94,dew_med,6,60
frame_94,sprite_small,4,60
frame_94,fanta_grape_big,3,60
frame_94,pepsi_big,3,60
frame_94,a&w_small,4,60
frame_94,kick_med,5,60
frame_94,7up_med,3,60
frame_94,fanta_straw_big,1,60
frame_94,fanta_lychee_big,1,60
frame_95,coke_z_big,4,58
frame_95,coke_med,2,58
frame_95,anw_med,5,58
frame_95,coke_v_big,5,58
frame_95,coke_small,5,58
frame_95,pepsi_med,5,58
frame_95,coke_v_med,3,58
frame_95,dew_med,6,58
frame_95,sprite_small,4,58
frame_95,fanta_grape_big,3,58
frame_95,pepsi_big,3,58
frame_95,a&w_small,3,58
frame_95,kick_med,5,58
frame_95,7up_med,3,58
frame_95,fanta_straw_big,1,58
frame_95,fanta_lychee_big,1,58
frame_96,coke_z_big,4,59
frame_96,coke_med,2,59
frame_96,anw_med,5,59
frame_96,coke_v_big,5,59
frame_96,coke_small,5,59
frame_96,pepsi_med,5,59
frame_96,coke_v_med,3,59
frame_96,dew_med,6,59
frame_96,sprite_small,4,59
frame_96,fanta_grape_big,3,59
frame_96,pepsi_big,3,59
frame_96,a&w_small,4,59
frame_96,kick_med,6,59
frame_96,7up_med,3,59
frame_96,fanta_straw_big,1,59
frame_97,coke_z_big,3,57
frame_97,coke_med,2,57
frame_97,anw_med,5,57
frame_97,coke_v_big,5,57
frame_97,coke_small,5,57
frame_97,pepsi_med,5,57
frame_97,coke_v_med,3,57
frame_97,dew_med,6,57
frame_97,sprite_small,4,57
frame_97,fanta_grape_big,3,57
frame_97,pepsi_big,3,57
frame_97,a&w_small,3,57
frame_97,kick_med,5,57
frame_97,7up_med,4,57
frame_97,fanta_straw_big,1,57
frame_98,coke_z_big,3,62
frame_98,coke_med,2,62
frame_98,anw_med,5,62
frame_98,coke_v_big,5,62
frame_98,coke_small,5,62
frame_98,pepsi_med,5,62
frame_98,coke_v_med,3,62
frame_98,dew_med,6,62
frame_98,sprite_small,4,62
frame_98,fanta_grape_big,3,62
frame_98,pepsi_big,3,62
frame_98,a&w_small,4,62
frame_98,kick_med,6,62
frame_98,7up_med,5,62
frame_98,fanta_straw_big,1,62
frame_98,fanta_lychee_big,2,62
frame_99,coke_z_big,3,61
frame_99,coke_med,2,61
frame_99,anw_med,5,61
frame_99,coke_v_big,5,61
frame_99,coke_small,5,61
frame_99,pepsi_med,5,61
frame_99,coke_v_med,3,61
frame_99,dew_med,6,61
frame_99,sprite_small,4,61
frame_99,fanta_grape_big,3,61
frame_99,pepsi_big,3,61
frame_99,a&w_small,4,61
frame_99,kick_med,6,61
frame_99,7up_med,5,61
frame_99,fanta_straw_big,1,61
frame_99,fanta_lychee_big,1,61
frame_100,coke_z_big,3,60
frame_100,coke_med,2,60
frame_100,anw_med,5,60
frame_100,coke_v_big,5,60
frame_100,coke_small,5,60
frame_100,pepsi_med,5,60
frame_100,coke_v_med,3,60
frame_100,dew_med,6,60
frame_100,sprite_small,4,60
frame_100,fanta_grape_big,3,60
frame_100,pepsi_big,3,60
frame_100,a&w_small,3,60
frame_100,kick_med,6,60
frame_100,7up_med,5,60
frame_100,fanta_straw_big,1,60
frame_100,fanta_lychee_big,1,60
frame_101,coke_z_big,3,64
frame_101,coke_med,2,64
frame_101,anw_med,5,64
frame_101,coke_v_big,5,64
frame_101,coke_small,5,64
frame_101,pepsi_med,5,64
frame_101,coke_v_med,3,64
frame_101,dew_med,6,64
frame_101,sprite_small,4,64
frame_101,fanta_grape_big,3,64
frame_101,pepsi_big,3,64
frame_101,a&w_small,4,64
frame_101,kick_med,7,64
frame_101,7up_med,6,64
frame_101,fanta_straw_big,1,64
frame_101,fanta_lychee_big,2,64
frame_102,coke_z_big,3,60
frame_102,coke_med,2,60
frame_102,anw_med,5,60
frame_102,coke_v_big,5,60
frame_102,coke_small,5,60
frame_102,pepsi_med,5,60
frame_102,coke_v_med,3,60
frame_102,dew_med,6,60
frame_102,sprite_small,4,60
frame_102,fanta_grape_big,3,60
frame_102,pepsi_big,3,60
frame_102,a&w_small,2,60
frame_102,kick_med,6,60
frame_102,7up_med,6,60
frame_102,fanta_straw_big,1,60
frame_102,fanta_lychee_big,1,60
frame_103,coke_z_big,3,62
frame_103,coke_med,2,62
frame_103,anw_med,5,62
frame_103,coke_v_big,5,62
frame_103,coke_small,5,62
frame_103,pepsi_med,5,62
frame_103,coke_v_med,3,62
frame_103,dew_med,6,62
frame_103,sprite_small,4,62
frame_103,fanta_grape_big,3,62
frame_103,pepsi_big,3,62
frame_103,a&w_small,2,62
frame_103,kick_med,7,62
frame_103,7up_med,6,62
frame_103,fanta_straw_big,1,62
frame_103,fanta_lychee_big,2,62
frame_104,coke_z_big,3,63
frame_104,coke_med,2,63
frame_104,anw_med,5,63
frame_104,coke_v_big,5,63
frame_104,coke_small,5,63
frame_104,pepsi_med,5,63
frame_104,coke_v_med,3,63
frame_104,dew_med,6,63
frame_104,sprite_small,4,63
frame_104,fanta_grape_big,3,63
frame_104,pepsi_big,3,63
frame_104,a&w_small,3,63
frame_104,kick_med,7,63
frame_104,7up_med,6,63
frame_104,fanta_straw_big,1,63
frame_104,fanta_lychee_big,2,63
frame_105,coke_z_big,3,63
frame_105,coke_med,2,63
frame_105,anw_med,5,63
frame_105,coke_v_big,5,63
frame_105,coke_small,5,63
frame_105,pepsi_med,5,63
frame_105,coke_v_med,3,63
frame_105,dew_med,6,63
frame_105,sprite_small,4,63
frame_105,fanta_grape_big,3,63
frame_105,pepsi_big,3,63
frame_105,a&w_small,3,63
frame_105,kick_med,7,63
frame_105,7up_med,6,63
frame_105,fanta_straw_big,1,63
frame_105,fanta_lychee_big,2,63
frame_106,coke_z_big,3,62
frame_106,coke_med,2,62
frame_106,anw_med,5,62
frame_106,coke_v_big,5,62
frame_106,coke_small,5,62
frame_106,pepsi_med,5,62
frame_106,coke_v_med,3,62
frame_106,dew_med,6,62
frame_106,sprite_small,4,62
frame_106,fanta_grape_big,3,62
frame_106,pepsi_big,3,62
frame_106,a&w_small,2,62
frame_106,kick_med,7,62
frame_106,7up_med,6,62
frame_106,fanta_straw_big,1,62
frame_106,fanta_lychee_big,2,62
frame_107,coke_z_big,3,63
frame_107,coke_med,1,63
frame_107,anw_med,5,63
frame_107,coke_v_big,5,63
frame_107,coke_small,5,63
frame_107,pepsi_med,5,63
frame_107,coke_v_med,3,63
frame_107,dew_med,6,63
frame_107,sprite_small,4,63
frame_107,fanta_grape_big,3,63
frame_107,pepsi_big,3,63
frame_107,a&w_small,3,63
frame_107,kick_med,8,63
frame_107,7up_med,6,63
frame_107,fanta_straw_big,1,63
frame_107,fanta_lychee_big,2,63
frame_108,coke_z_big,3,62
frame_108,coke_med,2,62
frame_108,anw_med,5,62
frame_108,coke_v_big,5,62
frame_108,coke_small,5,62
frame_108,pepsi_med,5,62
frame_108,coke_v_med,3,62
frame_108,dew_med,6,62
frame_108,sprite_small,4,62
frame_108,fanta_grape_big,3,62
frame_108,pepsi_big,3,62
frame_108,a&w_small,3,62
frame_108,kick_med,7,62
frame_108,7up_med,5,62
frame_108,fanta_straw_big,1,62
frame_108,fanta_lychee_big,2,62
frame_109,coke_z_big,3,63
frame_109,coke_med,2,63
frame_109,anw_med,5,63
frame_109,coke_v_big,5,63
frame_109,coke_small,5,63
frame_109,pepsi_med,5,63
frame_109,coke_v_med,3,63
frame_109,dew_med,6,63
frame_109,sprite_small,4,63
frame_109,fanta_grape_big,3,63
frame_109,pepsi_big,3,63
frame_109,a&w_small,3,63
frame_109,kick_med,7,63
frame_109,7up_med,6,63
frame_109,fanta_straw_big,1,63
frame_109,fanta_lychee_big,2,63
frame_110,coke_z_big,3,63
frame_110,coke_med,2,63
frame_110,anw_med,5,63
frame_110,coke_v_big,5,63
frame_110,coke_small,5,63
frame_110,pepsi_med,5,63
frame_110,coke_v_med,3,63
frame_110,dew_med,6,63
frame_110,sprite_small,4,63
frame_110,fanta_grape_big,3,63
frame_110,pepsi_big,3,63
frame_110,a&w_small,2,63
frame_110,kick_med,8,63
frame_110,7up_med,6,63
frame_110,fanta_straw_big,1,63
frame_110,fanta_lychee_big,2,63
frame_111,coke_z_big,3,65
frame_111,coke_med,2,65
frame_111,anw_med,5,65
frame_111,coke_v_big,5,65
frame_111,coke_small,5,65
frame_111,pepsi_med,5,65
frame_111,coke_v_med,3,65
frame_111,dew_med,6,65
frame_111,sprite_small,4,65
frame_111,fanta_grape_big,3,65
frame_111,pepsi_big,3,65
frame_111,a&w_small,3,65
frame_111,kick_med,8,65
frame_111,7up_med,6,65
frame_111,fanta_straw_big,1,65
frame_111,fanta_lychee_big,3,65
frame_112,coke_z_big,2,62
frame_112,coke_med,2,62
frame_112,anw_med,5,62
frame_112,coke_v_big,5,62
frame_112,coke_small,5,62
frame_112,pepsi_med,5,62
frame_112,coke_v_med,3,62
frame_112,dew_med,6,62
frame_112,sprite_small,4,62
frame_112,fanta_grape_big,3,62
frame_112,pepsi_big,3,62
frame_112,a&w_small,2,62
frame_112,kick_med,8,62
frame_112,7up_med,6,62
frame_112,fanta_straw_big,1,62
frame_112,fanta_lychee_big,2,62
frame_113,coke_z_big,2,64
frame_113,coke_med,2,64
frame_113,anw_med,5,64
frame_113,coke_v_big,5,64
frame_113,coke_small,5,64
frame_113,pepsi_med,5,64
frame_113,coke_v_med,3,64
frame_113,dew_med,7,64
frame_113,sprite_small,4,64
frame_113,fanta_grape_big,3,64
frame_113,pepsi_big,3,64
frame_113,a&w_small,2,64
frame_113,kick_med,8,64
frame_113,7up_med,7,64
frame_113,fanta_straw_big,1,64
frame_113,fanta_lychee_big,2,64
frame_114,coke_z_big,3,64
frame_114,coke_med,1,64
frame_114,anw_med,5,64
frame_114,coke_v_big,5,64
frame_114,coke_small,5,64
frame_114,pepsi_med,5,64
frame_114,coke_v_med,3,64
frame_114,dew_med,6,64
frame_114,sprite_small,4,64
frame_114,fanta_grape_big,3,64
frame_114,pepsi_big,3,64
frame_114,a&w_small,2,64
frame_114,kick_med,8,64
frame_114,7up_med,7,64
frame_114,fanta_straw_big,1,64
frame_114,fanta_lychee_big,3,64
frame_115,coke_z_big,3,63
frame_115,coke_med,1,63
frame_115,anw_med,5,63
frame_115,coke_v_big,5,63
frame_115,coke_small,5,63
frame_115,pepsi_med,5,63
frame_115,coke_v_med,3,63
frame_115,dew_med,7,63
frame_115,sprite_small,4,63
frame_115,fanta_grape_big,3,63
frame_115,pepsi_big,3,63
frame_115,a&w_small,2,63
frame_115,kick_med,8,63
frame_115,7up_med,6,63
frame_115,fanta_straw_big,1,63
frame_115,fanta_lychee_big,2,63
frame_116,coke_z_big,3,63
frame_116,coke_med,1,63
frame_116,anw_med,5,63
frame_116,coke_v_big,5,63
frame_116,coke_small,5,63
frame_116,pepsi_med,5,63
frame_116,coke_v_med,3,63
frame_116,dew_med,7,63
frame_116,sprite_small,4,63
frame_116,fanta_grape_big,3,63
frame_116,pepsi_big,3,63
frame_116,a&w_small,1,63
frame_116,kick_med,8,63
frame_116,7up_med,6,63
frame_116,fanta_straw_big,1,63
frame_116,fanta_lychee_big,3,63
frame_117,coke_z_big,2,64
frame_117,coke_med,1,64
frame_117,anw_med,5,64
frame_117,coke_v_big,5,64
frame_117,coke_small,5,64
frame_117,pepsi_med,5,64
frame_117,coke_v_med,3,64
frame_117,dew_med,7,64
frame_117,sprite_small,4,64
frame_117,fanta_grape_big,3,64
frame_117,pepsi_big,3,64
frame_117,a&w_small,2,64
frame_117,kick_med,8,64
frame_117,7up_med,7,64
frame_117,fanta_straw_big,1,64
frame_117,fanta_lychee_big,3,64
frame_118,coke_z_big,2,62
frame_118,coke_med,1,62
frame_118,anw_med,5,62
frame_118,coke_v_big,5,62
frame_118,coke_small,5,62
frame_118,pepsi_med,5,62
frame_118,coke_v_med,3,62
frame_118,dew_med,6,62
frame_118,sprite_small,4,62
frame_118,fanta_grape_big,3,62
frame_118,pepsi_big,3,62
frame_118,a&w_small,1,62
frame_118,kick_med,8,62
frame_118,7up_med,7,62
frame_118,fanta_straw_big,1,62
frame_118,fanta_lychee_big,3,62
frame_119,coke_z_big,2,63
frame_119,coke_med,1,63
frame_119,anw_med,5,63
frame_119,coke_v_big,5,63
frame_119,coke_small,5,63
frame_119,pepsi_med,5,63
frame_119,coke_v_med,3,63
frame_119,dew_med,6,63
frame_119,sprite_small,4,63
frame_119,fanta_grape_big,3,63
frame_119,pepsi_big,3,63
frame_119,a&w_small,2,63
frame_119,kick_med,8,63
frame_119,7up_med,7,63
frame_119,fanta_straw_big,1,63
frame_119,fanta_lychee_big,3,63
frame_120,coke_z_big,2,62
frame_120,coke_med,1,62
frame_120,anw_med,5,62
frame_120,coke_v_big,5,62
frame_120,coke_small,5,62
frame_120,pepsi_med,5,62
frame_120,coke_v_med,3,62
frame_120,dew_med,6,62
frame_120,sprite_small,4,62
frame_120,fanta_grape_big,3,62
frame_120,pepsi_big,3,62
frame_120,a&w_small,2,62
frame_120,kick_med,8,62
frame_120,7up_med,7,62
frame_120,fanta_straw_big,1,62
frame_120,fanta_lychee_big,2,62
frame_121,coke_z_big,2,62
frame_121,anw_med,5,62
frame_121,coke_v_big,5,62
frame_121,coke_small,5,62
frame_121,pepsi_med,5,62
frame_121,coke_v_med,3,62
frame_121,dew_med,6,62
frame_121,sprite_small,4,62
frame_121,fanta_grape_big,3,62
frame_121,pepsi_big,3,62
frame_121,a&w_small,2,62
frame_121,kick_med,8,62
frame_121,7up_med,7,62
frame_121,fanta_straw_big,1,62
frame_121,fanta_lychee_big,2,62
frame_121,coke_med,1,62
frame_122,coke_z_big,2,62
frame_122,anw_med,5,62
frame_122,coke_v_big,5,62
frame_122,coke_small,5,62
frame_122,pepsi_med,5,62
frame_122,coke_v_med,3,62
frame_122,dew_med,6,62
frame_122,sprite_small,4,62
frame_122,fanta_grape_big,3,62
frame_122,pepsi_big,3,62
frame_122,a&w_small,2,62
frame_122,kick_med,8,62
frame_122,7up_med,7,62
frame_122,fanta_straw_big,1,62
frame_122,fanta_lychee_big,3,62
frame_123,coke_z_big,2,61
frame_123,anw_med,5,61
frame_123,coke_v_big,5,61
frame_123,coke_small,5,61
frame_123,pepsi_med,5,61
frame_123,coke_v_med,3,61
frame_123,dew_med,6,61
frame_123,sprite_small,4,61
frame_123,fanta_grape_big,3,61
frame_123,pepsi_big,3,61
frame_123,kick_med,8,61
frame_123,7up_med,7,61
frame_123,fanta_straw_big,1,61
frame_123,fanta_lychee_big,3,61
frame_123,a&w_small,1,61
frame_124,coke_z_big,2,61
frame_124,anw_med,5,61
frame_124,coke_v_big,5,61
frame_124,coke_small,5,61
frame_124,pepsi_med,5,61
frame_124,coke_v_med,3,61
frame_124,dew_med,6,61
frame_124,sprite_small,4,61
frame_124,fanta_grape_big,3,61
frame_124,pepsi_big,3,61
frame_124,kick_med,8,61
frame_124,7up_med,7,61
frame_124,fanta_straw_big,1,61
frame_124,fanta_lychee_big,3,61
frame_124,a&w_small,1,61
frame_125,coke_z_big,2,61
frame_125,anw_med,5,61
frame_125,coke_v_big,5,61
frame_125,coke_small,5,61
frame_125,pepsi_med,5,61
frame_125,coke_v_med,3,61
frame_125,dew_med,6,61
frame_125,sprite_small,4,61
frame_125,fanta_grape_big,3,61
frame_125,pepsi_big,3,61
frame_125,kick_med,8,61
frame_125,7up_med,7,61
frame_125,fanta_straw_big,1,61
frame_125,fanta_lychee_big,3,61
frame_125,a&w_small,1,61
frame_126,coke_z_big,2,59
frame_126,anw_med,5,59
frame_126,coke_v_big,5,59
frame_126,coke_small,5,59
frame_126,pepsi_med,5,59
frame_126,coke_v_med,3,59
frame_126,dew_med,6,59
frame_126,sprite_small,4,59
frame_126,fanta_grape_big,3,59
frame_126,pepsi_big,3,59
frame_126,kick_med,8,59
frame_126,7up_med,7,59
frame_126,fanta_straw_big,1,59
frame_126,fanta_lychee_big,2,59
frame_127,coke_z_big,2,61
frame_127,anw_med,5,61
frame_127,coke_v_big,5,61
frame_127,coke_small,5,61
frame_127,pepsi_med,5,61
frame_127,coke_v_med,3,61
frame_127,dew_med,6,61
frame_127,sprite_small,4,61
frame_127,fanta_grape_big,3,61
frame_127,pepsi_big,3,61
frame_127,kick_med,8,61
frame_127,7up_med,8,61
frame_127,fanta_straw_big,1,61
frame_127,fanta_lychee_big,3,61
frame_128,coke_z_big,2,62
frame_128,anw_med,5,62
frame_128,coke_v_big,5,62
frame_128,coke_small,5,62
frame_128,pepsi_med,5,62
frame_128,coke_v_med,3,62
frame_128,dew_med,6,62
frame_128,sprite_small,4,62
frame_128,fanta_grape_big,3,62
frame_128,pepsi_big,3,62
frame_128,kick_med,8,62
frame_128,7up_med,8,62
frame_128,fanta_straw_big,1,62
frame_128,fanta_lychee_big,3,62
frame_128,a&w_small,1,62
frame_129,coke_z_big,1,62
frame_129,anw_med,5,62
frame_129,coke_v_big,5,62
frame_129,coke_small,5,62
frame_129,pepsi_med,5,62
frame_129,coke_v_med,3,62
frame_129,dew_med,6,62
frame_129,sprite_small,4,62
frame_129,fanta_grape_big,3,62
frame_129,pepsi_big,3,62
frame_129,kick_med,8,62
frame_129,7up_med,8,62
frame_129,fanta_straw_big,1,62
frame_129,fanta_lychee_big,3,62
frame_129,a&w_small,1,62
frame_129,coke_med,1,62
frame_130,coke_z_big,1,60
frame_130,anw_med,5,60
frame_130,coke_v_big,5,60
frame_130,coke_small,5,60
frame_130,pepsi_med,5,60
frame_130,coke_v_med,3,60
frame_130,dew_med,6,60
frame_130,sprite_small,4,60
frame_130,fanta_grape_big,3,60
frame_130,pepsi_big,3,60
frame_130,kick_med,8,60
frame_130,7up_med,8,60
frame_130,fanta_straw_big,1,60
frame_130,a&w_small,1,60
frame_130,fanta_lychee_big,2,60
frame_131,coke_z_big,1,60
frame_131,anw_med,5,60
frame_131,coke_v_big,5,60
frame_131,coke_small,5,60
frame_131,pepsi_med,5,60
frame_131,coke_v_med,3,60
frame_131,dew_med,6,60
frame_131,sprite_small,4,60
frame_131,fanta_grape_big,3,60
frame_131,pepsi_big,3,60
frame_131,kick_med,8,60
frame_131,7up_med,8,60
frame_131,fanta_straw_big,1,60
frame_131,a&w_small,1,60
frame_131,fanta_lychee_big,2,60
frame_132,coke_z_big,1,59
frame_132,anw_med,5,59
frame_132,coke_v_big,5,59
frame_132,coke_small,5,59
frame_132,pepsi_med,5,59
frame_132,coke_v_med,3,59
frame_132,dew_med,6,59
frame_132,sprite_small,4,59
frame_132,fanta_grape_big,3,59
frame_132,pepsi_big,3,59
frame_132,kick_med,8,59
frame_132,7up_med,8,59
frame_132,fanta_straw_big,1,59
frame_132,fanta_lychee_big,2,59
frame_133,coke_z_big,1,58
frame_133,anw_med,5,58
frame_133,coke_v_big,5,58
frame_133,coke_small,5,58
frame_133,pepsi_med,5,58
frame_133,coke_v_med,2,58
frame_133,dew_med,6,58
frame_133,sprite_small,4,58
frame_133,fanta_grape_big,3,58
frame_133,pepsi_big,3,58
frame_133,kick_med,8,58
frame_133,7up_med,8,58
frame_133,fanta_straw_big,1,58
frame_133,fanta_lychee_big,2,58
frame_134,coke_z_big,1,58
frame_134,anw_med,5,58
frame_134,coke_v_big,5,58
frame_134,coke_small,5,58
frame_134,pepsi_med,5,58
frame_134,coke_v_med,2,58
frame_134,dew_med,6,58
frame_134,sprite_small,4,58
frame_134,fanta_grape_big,3,58
frame_134,pepsi_big,3,58
frame_134,kick_med,8,58
frame_134,7up_med,8,58
frame_134,fanta_straw_big,1,58
frame_134,fanta_lychee_big,2,58
frame_135,coke_z_big,1,59
frame_135,anw_med,5,59
frame_135,coke_v_big,5,59
frame_135,coke_small,5,59
frame_135,pepsi_med,5,59
frame_135,coke_v_med,2,59
frame_135,dew_med,6,59
frame_135,sprite_small,4,59
frame_135,fanta_grape_big,3,59
frame_135,pepsi_big,3,59
frame_135,kick_med,8,59
frame_135,7up_med,8,59
frame_135,fanta_straw_big,1,59
frame_135,fanta_lychee_big,3,59
frame_136,coke_z_big,1,61
frame_136,anw_med,5,61
frame_136,coke_v_big,5,61
frame_136,coke_small,5,61
frame_136,pepsi_med,5,61
frame_136,coke_v_med,2,61
frame_136,dew_med,6,61
frame_136,sprite_small,4,61
frame_136,fanta_grape_big,3,61
frame_136,pepsi_big,3,61
frame_136,kick_med,8,61
frame_136,7up_med,9,61
frame_136,fanta_straw_big,1,61
frame_136,fanta_lychee_big,4,61
frame_137,coke_z_big,1,60
frame_137,anw_med,5,60
frame_137,coke_v_big,5,60
frame_137,coke_small,5,60
frame_137,pepsi_med,5,60
frame_137,coke_v_med,2,60
frame_137,dew_med,6,60
frame_137,sprite_small,4,60
frame_137,fanta_grape_big,3,60
frame_137,pepsi_big,3,60
frame_137,kick_med,8,60
frame_137,7up_med,9,60
frame_137,fanta_straw_big,1,60
frame_137,fanta_lychee_big,3,60
frame_138,coke_z_big,1,60
frame_138,anw_med,5,60
frame_138,coke_v_big,5,60
frame_138,coke_small,5,60
frame_138,pepsi_med,5,60
frame_138,coke_v_med,2,60
frame_138,dew_med,6,60
frame_138,sprite_small,4,60
frame_138,fanta_grape_big,3,60
frame_138,pepsi_big,3,60
frame_138,kick_med,8,60
frame_138,7up_med,9,60
frame_138,fanta_straw_big,1,60
frame_138,fanta_lychee_big,3,60
frame_139,coke_z_big,1,61
frame_139,anw_med,5,61
frame_139,coke_v_big,5,61
frame_139,coke_small,5,61
frame_139,pepsi_med,5,61
frame_139,coke_v_med,2,61
frame_139,dew_med,6,61
frame_139,sprite_small,4,61
frame_139,fanta_grape_big,3,61
frame_139,pepsi_big,3,61
frame_139,kick_med,8,61
frame_139,7up_med,9,61
frame_139,fanta_straw_big,1,61
frame_139,fanta_lychee_big,4,61
frame_140,coke_z_big,2,62
frame_140,anw_med,5,62
frame_140,coke_v_big,5,62
frame_140,coke_small,5,62
frame_140,pepsi_med,5,62
frame_140,coke_v_med,3,62
frame_140,dew_med,6,62
frame_140,sprite_small,4,62
frame_140,fanta_grape_big,3,62
frame_140,pepsi_big,3,62
frame_140,kick_med,8,62
frame_140,7up_med,9,62
frame_140,fanta_straw_big,1,62
frame_140,fanta_lychee_big,3,62
frame_141,coke_z_big,1,62
frame_141,anw_med,5,62
frame_141,coke_v_big,5,62
frame_141,coke_small,5,62
frame_141,pepsi_med,5,62
frame_141,coke_v_med,3,62
frame_141,dew_med,6,62
frame_141,sprite_small,4,62
frame_141,fanta_grape_big,3,62
frame_141,pepsi_big,3,62
frame_141,kick_med,8,62
frame_141,7up_med,9,62
frame_141,fanta_straw_big,1,62
frame_141,fanta_lychee_big,4,62
frame_142,coke_z_big,1,61
frame_142,anw_med,5,61
frame_142,coke_v_big,5,61
frame_142,coke_small,5,61
frame_142,pepsi_med,5,61
frame_142,coke_v_med,2,61
frame_142,dew_med,7,61
frame_142,sprite_small,4,61
frame_142,fanta_grape_big,3,61
frame_142,pepsi_big,3,61
frame_142,kick_med,8,61
frame_142,7up_med,8,61
frame_142,fanta_straw_big,1,61
frame_142,fanta_lychee_big,4,61
frame_143,coke_z_big,1,61
frame_143,anw_med,5,61
frame_143,coke_v_big,5,61
frame_143,coke_small,5,61
frame_143,pepsi_med,5,61
frame_143,coke_v_med,2,61
frame_143,dew_med,7,61
frame_143,sprite_small,4,61
frame_143,fanta_grape_big,3,61
frame_143,pepsi_big,3,61
frame_143,kick_med,8,61
frame_143,7up_med,8,61
frame_143,fanta_straw_big,1,61
frame_143,fanta_lychee_big,4,61
frame_144,coke_z_big,1,61
frame_144,anw_med,5,61
frame_144,coke_v_big,5,61
frame_144,coke_small,5,61
frame_144,pepsi_med,5,61
frame_144,coke_v_med,3,61
frame_144,dew_med,7,61
frame_144,sprite_small,4,61
frame_144,fanta_grape_big,3,61
frame_144,pepsi_big,3,61
frame_144,kick_med,8,61
frame_144,7up_med,8,61
frame_144,fanta_straw_big,1,61
frame_144,fanta_lychee_big,3,61
frame_145,coke_z_big,1,62
frame_145,anw_med,5,62
frame_145,coke_v_big,5,62
frame_145,coke_small,5,62
frame_145,pepsi_med,5,62
frame_145,coke_v_med,3,62
frame_145,dew_med,6,62
frame_145,sprite_small,4,62
frame_145,fanta_grape_big,3,62
frame_145,pepsi_big,3,62
frame_145,kick_med,8,62
frame_145,7up_med,9,62
frame_145,fanta_straw_big,1,62
frame_145,fanta_lychee_big,4,62
frame_146,coke_z_big,1,62
frame_146,anw_med,5,62
frame_146,coke_v_big,5,62
frame_146,coke_small,5,62
frame_146,pepsi_med,5,62
frame_146,coke_v_med,3,62
frame_146,dew_med,6,62
frame_146,sprite_small,4,62
frame_146,fanta_grape_big,3,62
frame_146,pepsi_big,3,62
frame_146,kick_med,8,62
frame_146,7up_med,9,62
frame_146,fanta_straw_big,2,62
frame_146,fanta_lychee_big,3,62
frame_147,coke_z_big,1,62
frame_147,anw_med,5,62
frame_147,coke_v_big,5,62
frame_147,coke_small,5,62
frame_147,pepsi_med,5,62
frame_147,coke_v_med,3,62
frame_147,dew_med,6,62
frame_147,sprite_small,4,62
frame_147,fanta_grape_big,3,62
frame_147,pepsi_big,3,62
frame_147,kick_med,8,62
frame_147,7up_med,9,62
frame_147,fanta_straw_big,2,62
frame_147,fanta_lychee_big,3,62
frame_148,coke_z_big,1,62
frame_148,anw_med,5,62
frame_148,coke_v_big,5,62
frame_148,coke_small,5,62
frame_148,pepsi_med,5,62
frame_148,coke_v_med,3,62
frame_148,dew_med,6,62
frame_148,sprite_small,4,62
frame_148,fanta_grape_big,3,62
frame_148,pepsi_big,3,62
frame_148,kick_med,8,62
frame_148,7up_med,9,62
frame_148,fanta_straw_big,2,62
frame_148,fanta_lychee_big,3,62
frame_149,coke_z_big,1,62
frame_149,anw_med,5,62
frame_149,coke_v_big,5,62
frame_149,coke_small,5,62
frame_149,pepsi_med,5,62
frame_149,coke_v_med,3,62
frame_149,dew_med,6,62
frame_149,sprite_small,4,62
frame_149,fanta_grape_big,3,62
frame_149,pepsi_big,3,62
frame_149,kick_med,8,62
frame_149,7up_med,9,62
frame_149,fanta_straw_big,2,62
frame_149,fanta_lychee_big,3,62
frame_150,coke_z_big,1,61
frame_150,anw_med,5,61
frame_150,coke_v_big,5,61
frame_150,coke_small,5,61
frame_150,pepsi_med,5,61
frame_150,coke_v_med,2,61
frame_150,dew_med,6,61
frame_150,sprite_small,4,61
frame_150,fanta_grape_big,3,61
frame_150,pepsi_big,3,61
frame_150,kick_med,8,61
frame_150,7up_med,9,61
frame_150,fanta_straw_big,2,61
frame_150,fanta_lychee_big,3,61
frame_151,coke_z_big,1,61
frame_151,anw_med,5,61
frame_151,coke_v_big,5,61
frame_151,coke_small,5,61
frame_151,pepsi_med,5,61
frame_151,coke_v_med,2,61
frame_151,dew_med,6,61
frame_151,sprite_small,4,61
frame_151,fanta_grape_big,3,61
frame_151,pepsi_big,3,61
frame_151,kick_med,8,61
frame_151,7up_med,9,61
frame_151,fanta_straw_big,2,61
frame_151,fanta_lychee_big,3,61
frame_152,coke_z_big,1,61
frame_152,anw_med,5,61
frame_152,coke_v_big,5,61
frame_152,coke_small,5,61
frame_152,pepsi_med,5,61
frame_152,coke_v_med,2,61
frame_152,dew_med,6,61
frame_152,sprite_small,4,61
frame_152,fanta_grape_big,3,61
frame_152,pepsi_big,3,61
frame_152,kick_med,8,61
frame_152,7up_med,9,61
frame_152,fanta_straw_big,2,61
frame_152,fanta_lychee_big,3,61
frame_153,coke_z_big,1,60
frame_153,anw_med,5,60
frame_153,coke_v_big,5,60
frame_153,coke_small,5,60
frame_153,pepsi_med,5,60
frame_153,coke_v_med,3,60
frame_153,dew_med,6,60
frame_153,sprite_small,3,60
frame_153,fanta_grape_big,3,60
frame_153,pepsi_big,3,60
frame_153,kick_med,8,60
frame_153,7up_med,9,60
frame_153,fanta_straw_big,2,60
frame_153,fanta_lychee_big,2,60
frame_154,coke_z_big,1,58
frame_154,anw_med,5,58
frame_154,coke_v_big,5,58
frame_154,coke_small,5,58
frame_154,pepsi_med,5,58
frame_154,coke_v_med,3,58
frame_154,dew_med,6,58
frame_154,sprite_small,1,58
frame_154,fanta_grape_big,3,58
frame_154,pepsi_big,3,58
frame_154,kick_med,8,58
frame_154,7up_med,8,58
frame_154,fanta_straw_big,2,58
frame_154,fanta_lychee_big,3,58
frame_155,coke_z_big,1,57
frame_155,anw_med,5,57
frame_155,coke_v_big,5,57
frame_155,coke_small,5,57
frame_155,pepsi_med,5,57
frame_155,coke_v_med,3,57
frame_155,dew_med,6,57
frame_155,sprite_small,3,57
frame_155,fanta_grape_big,3,57
frame_155,pepsi_big,3,57
frame_155,kick_med,8,57
frame_155,7up_med,7,57
frame_155,fanta_straw_big,1,57
frame_155,fanta_lychee_big,2,57
frame_156,coke_z_big,2,59
frame_156,anw_med,5,59
frame_156,coke_v_big,5,59
frame_156,coke_small,5,59
frame_156,pepsi_med,5,59
frame_156,coke_v_med,3,59
frame_156,dew_med,6,59
frame_156,sprite_small,3,59
frame_156,fanta_grape_big,3,59
frame_156,pepsi_big,3,59
frame_156,kick_med,8,59
frame_156,7up_med,8,59
frame_156,fanta_straw_big,1,59
frame_156,fanta_lychee_big,2,59
frame_157,coke_z_big,1,59
frame_157,anw_med,5,59
frame_157,coke_v_big,5,59
frame_157,coke_small,5,59
frame_157,pepsi_med,5,59
frame_157,coke_v_med,3,59
frame_157,dew_med,6,59
frame_157,sprite_small,3,59
frame_157,fanta_grape_big,3,59
frame_157,pepsi_big,3,59
frame_157,kick_med,8,59
frame_157,7up_med,8,59
frame_157,fanta_straw_big,1,59
frame_157,fanta_lychee_big,3,59
frame_158,coke_z_big,1,58
frame_158,anw_med,5,58
frame_158,coke_v_big,5,58
frame_158,coke_small,5,58
frame_158,pepsi_med,5,58
frame_158,coke_v_med,3,58
frame_158,dew_med,6,58
frame_158,sprite_small,3,58
frame_158,fanta_grape_big,3,58
frame_158,pepsi_big,3,58
frame_158,kick_med,8,58
frame_158,7up_med,8,58
frame_158,fanta_straw_big,1,58
frame_158,fanta_lychee_big,2,58
frame_159,coke_z_big,1,58
frame_159,anw_med,5,58
frame_159,coke_v_big,5,58
frame_159,coke_small,5,58
frame_159,pepsi_med,5,58
frame_159,coke_v_med,3,58
frame_159,dew_med,6,58
frame_159,sprite_small,3,58
frame_159,fanta_grape_big,3,58
frame_159,pepsi_big,3,58
frame_159,kick_med,8,58
frame_159,7up_med,8,58
frame_159,fanta_straw_big,1,58
frame_159,fanta_lychee_big,2,58
frame_160,coke_z_big,2,60
frame_160,anw_med,5,60
frame_160,coke_v_big,5,60
frame_160,coke_small,5,60
frame_160,pepsi_med,5,60
frame_160,coke_v_med,3,60
frame_160,dew_med,6,60
frame_160,sprite_small,3,60
frame_160,fanta_grape_big,3,60
frame_160,pepsi_big,3,60
frame_160,kick_med,8,60
frame_160,7up_med,8,60
frame_160,fanta_straw_big,2,60
frame_160,fanta_lychee_big,2,60
frame_161,coke_z_big,2,59
frame_161,anw_med,5,59
frame_161,coke_v_big,5,59
frame_161,coke_small,5,59
frame_161,pepsi_med,5,59
frame_161,coke_v_med,3,59
frame_161,dew_med,6,59
frame_161,sprite_small,3,59
frame_161,fanta_grape_big,3,59
frame_161,pepsi_big,3,59
frame_161,kick_med,8,59
frame_161,7up_med,8,59
frame_161,fanta_straw_big,1,59
frame_161,fanta_lychee_big,2,59
frame_162,coke_z_big,2,58
frame_162,anw_med,5,58
frame_162,coke_v_big,5,58
frame_162,coke_small,5,58
frame_162,pepsi_med,5,58
frame_162,coke_v_med,2,58
frame_162,dew_med,6,58
frame_162,sprite_small,3,58
frame_162,fanta_grape_big,3,58
frame_162,pepsi_big,3,58
frame_162,kick_med,8,58
frame_162,7up_med,8,58
frame_162,fanta_straw_big,1,58
frame_162,fanta_lychee_big,2,58
frame_163,coke_z_big,2,59
frame_163,anw_med,5,59
frame_163,coke_v_big,5,59
frame_163,coke_small,5,59
frame_163,pepsi_med,5,59
frame_163,coke_v_med,3,59
frame_163,dew_med,6,59
frame_163,sprite_small,2,59
frame_163,fanta_grape_big,3,59
frame_163,pepsi_big,3,59
frame_163,kick_med,8,59
frame_163,7up_med,8,59
frame_163,fanta_straw_big,2,59
frame_163,fanta_lychee_big,2,59
frame_164,coke_z_big,2,57
frame_164,anw_med,5,57
frame_164,coke_v_big,5,57
frame_164,coke_small,5,57
frame_164,pepsi_med,5,57
frame_164,coke_v_med,3,57
frame_164,dew_med,6,57
frame_164,fanta_grape_big,3,57
frame_164,pepsi_big,3,57
frame_164,kick_med,8,57
frame_164,7up_med,8,57
frame_164,fanta_straw_big,2,57
frame_164,fanta_lychee_big,2,57
frame_165,coke_z_big,2,58
frame_165,anw_med,5,58
frame_165,coke_v_big,5,58
frame_165,coke_small,5,58
frame_165,pepsi_med,5,58
frame_165,coke_v_med,3,58
frame_165,dew_med,6,58
frame_165,sprite_small,2,58
frame_165,fanta_grape_big,3,58
frame_165,pepsi_big,3,58
frame_165,kick_med,8,58
frame_165,7up_med,8,58
frame_165,fanta_straw_big,1,58
frame_165,fanta_lychee_big,2,58
frame_166,coke_z_big,2,61
frame_166,anw_med,5,61
frame_166,coke_v_big,5,61
frame_166,coke_small,5,61
frame_166,pepsi_med,5,61
frame_166,coke_v_med,3,61
frame_166,dew_med,6,61
frame_166,sprite_small,3,61
frame_166,fanta_grape_big,3,61
frame_166,pepsi_big,3,61
frame_166,kick_med,8,61
frame_166,7up_med,8,61
frame_166,fanta_straw_big,2,61
frame_166,fanta_lychee_big,2,61
frame_166,a&w_small,1,61
frame_167,coke_z_big,2,60
frame_167,anw_med,5,60
frame_167,coke_v_big,5,60
frame_167,coke_small,5,60
frame_167,pepsi_med,5,60
frame_167,coke_v_med,3,60
frame_167,dew_med,6,60
frame_167,sprite_small,2,60
frame_167,fanta_grape_big,3,60
frame_167,pepsi_big,3,60
frame_167,kick_med,8,60
frame_167,7up_med,8,60
frame_167,fanta_straw_big,2,60
frame_167,fanta_lychee_big,2,60
frame_167,a&w_small,1,60
frame_168,coke_z_big,2,62
frame_168,anw_med,5,62
frame_168,coke_v_big,5,62
frame_168,coke_small,5,62
frame_168,pepsi_med,5,62
frame_168,coke_v_med,3,62
frame_168,dew_med,6,62
frame_168,sprite_small,4,62
frame_168,fanta_grape_big,3,62
frame_168,pepsi_big,3,62
frame_168,kick_med,8,62
frame_168,7up_med,8,62
frame_168,fanta_straw_big,2,62
frame_168,fanta_lychee_big,2,62
frame_168,a&w_small,1,62
frame_169,coke_z_big,2,62
frame_169,anw_med,5,62
frame_169,coke_v_big,5,62
frame_169,coke_small,5,62
frame_169,pepsi_med,5,62
frame_169,coke_v_med,3,62
frame_169,dew_med,6,62
frame_169,sprite_small,4,62
frame_169,fanta_grape_big,3,62
frame_169,pepsi_big,3,62
frame_169,kick_med,8,62
frame_169,7up_med,8,62
frame_169,fanta_straw_big,2,62
frame_169,fanta_lychee_big,2,62
frame_169,a&w_small,1,62
frame_170,coke_z_big,2,62
frame_170,anw_med,5,62
frame_170,coke_v_big,5,62
frame_170,coke_small,5,62
frame_170,pepsi_med,5,62
frame_170,coke_v_med,3,62
frame_170,dew_med,6,62
frame_170,sprite_small,4,62
frame_170,fanta_grape_big,3,62
frame_170,pepsi_big,3,62
frame_170,kick_med,8,62
frame_170,7up_med,8,62
frame_170,fanta_straw_big,2,62
frame_170,fanta_lychee_big,2,62
frame_170,a&w_small,1,62
frame_171,coke_z_big,2,62
frame_171,anw_med,5,62
frame_171,coke_v_big,5,62
frame_171,coke_small,5,62
frame_171,pepsi_med,5,62
frame_171,coke_v_med,3,62
frame_171,dew_med,6,62
frame_171,sprite_small,4,62
frame_171,fanta_grape_big,3,62
frame_171,pepsi_big,3,62
frame_171,kick_med,8,62
frame_171,7up_med,8,62
frame_171,fanta_straw_big,2,62
frame_171,fanta_lychee_big,2,62
frame_171,a&w_small,1,62
frame_172,coke_z_big,2,62
frame_172,anw_med,5,62
frame_172,coke_v_big,5,62
frame_172,coke_small,5,62
frame_172,pepsi_med,5,62
frame_172,coke_v_med,3,62
frame_172,dew_med,6,62
frame_172,sprite_small,4,62
frame_172,fanta_grape_big,3,62
frame_172,pepsi_big,3,62
frame_172,kick_med,8,62
frame_172,7up_med,8,62
frame_172,fanta_straw_big,2,62
frame_172,fanta_lychee_big,2,62
frame_172,a&w_small,1,62
frame_173,coke_z_big,2,62
frame_173,anw_med,5,62
frame_173,coke_v_big,5,62
frame_173,coke_small,5,62
frame_173,pepsi_med,5,62
frame_173,coke_v_med,3,62
frame_173,dew_med,6,62
frame_173,sprite_small,4,62
frame_173,fanta_grape_big,3,62
frame_173,pepsi_big,3,62
frame_173,kick_med,8,62
frame_173,7up_med,8,62
frame_173,fanta_straw_big,2,62
frame_173,fanta_lychee_big,2,62
frame_173,a&w_small,1,62
frame_174,coke_z_big,2,60
frame_174,anw_med,5,60
frame_174,coke_v_big,5,60
frame_174,coke_small,5,60
frame_174,pepsi_med,5,60
frame_174,coke_v_med,3,60
frame_174,dew_med,6,60
frame_174,sprite_small,4,60
frame_174,fanta_grape_big,3,60
frame_174,pepsi_big,3,60
frame_174,kick_med,8,60
frame_174,7up_med,7,60
frame_174,fanta_straw_big,1,60
frame_174,fanta_lychee_big,2,60
frame_174,a&w_small,1,60
